{"linregress_CV_VIM_intercept": -1.008574663484463, "linregress_CV_VIM_slope": -0.0015104254841249417, "vim": 0.0, "nivel220": 0}